{
  "Delete Users" : {
    "transaction" : "Delete Users",
    "sampleCount" : 30,
    "errorCount" : 0,
    "errorPct" : 0.0,
    "meanResTime" : 36.23333333333334,
    "medianResTime" : 36.0,
    "minResTime" : 34.0,
    "maxResTime" : 40.0,
    "pct1ResTime" : 39.900000000000006,
    "pct2ResTime" : 40.0,
    "pct3ResTime" : 40.0,
    "throughput" : 0.5170096163788647,
    "receivedKBytesPerSec" : 0.15681951840554234,
    "sentKBytesPerSec" : 0.07280545574397683
  },
  "Total" : {
    "transaction" : "Total",
    "sampleCount" : 90,
    "errorCount" : 0,
    "errorPct" : 0.0,
    "meanResTime" : 76.67777777777779,
    "medianResTime" : 37.0,
    "minResTime" : 34.0,
    "maxResTime" : 180.0,
    "pct1ResTime" : 159.9,
    "pct2ResTime" : 169.45,
    "pct3ResTime" : 180.0,
    "throughput" : 1.5455419700508313,
    "receivedKBytesPerSec" : 0.706964705831845,
    "sentKBytesPerSec" : 0.21653686976233
  },
  "Get User by ID" : {
    "transaction" : "Get User by ID",
    "sampleCount" : 30,
    "errorCount" : 0,
    "errorPct" : 0.0,
    "meanResTime" : 36.73333333333334,
    "medianResTime" : 35.5,
    "minResTime" : 34.0,
    "maxResTime" : 46.0,
    "pct1ResTime" : 40.0,
    "pct2ResTime" : 43.8,
    "pct3ResTime" : 46.0,
    "throughput" : 0.5170096163788647,
    "receivedKBytesPerSec" : 0.15681951840554234,
    "sentKBytesPerSec" : 0.07280545574397683
  },
  "Get Users" : {
    "transaction" : "Get Users",
    "sampleCount" : 30,
    "errorCount" : 0,
    "errorPct" : 0.0,
    "meanResTime" : 157.0666666666667,
    "medianResTime" : 157.0,
    "minResTime" : 143.0,
    "maxResTime" : 180.0,
    "pct1ResTime" : 172.70000000000002,
    "pct2ResTime" : 178.35,
    "pct3ResTime" : 180.0,
    "throughput" : 0.5158273010196186,
    "receivedKBytesPerSec" : 0.3949302773431455,
    "sentKBytesPerSec" : 0.07153073900857992
  }
}