{
  "Delete User" : {
    "transaction" : "Delete User",
    "sampleCount" : 30,
    "errorCount" : 0,
    "errorPct" : 0.0,
    "meanResTime" : 38.2,
    "medianResTime" : 39.0,
    "minResTime" : 34.0,
    "maxResTime" : 52.0,
    "pct1ResTime" : 42.7,
    "pct2ResTime" : 48.699999999999996,
    "pct3ResTime" : 52.0,
    "throughput" : 0.5173216533600041,
    "receivedKBytesPerSec" : 0.15691416556017312,
    "sentKBytesPerSec" : 0.07284939688917245
  },
  "Total" : {
    "transaction" : "Total",
    "sampleCount" : 90,
    "errorCount" : 0,
    "errorPct" : 0.0,
    "meanResTime" : 80.63333333333333,
    "medianResTime" : 39.5,
    "minResTime" : 34.0,
    "maxResTime" : 213.0,
    "pct1ResTime" : 172.0,
    "pct2ResTime" : 182.05,
    "pct3ResTime" : 213.0,
    "throughput" : 1.5456746870008757,
    "receivedKBytesPerSec" : 0.7070254134679788,
    "sentKBytesPerSec" : 0.21655546396001857
  },
  "Get User by ID" : {
    "transaction" : "Get User by ID",
    "sampleCount" : 30,
    "errorCount" : 0,
    "errorPct" : 0.0,
    "meanResTime" : 38.26666666666666,
    "medianResTime" : 39.0,
    "minResTime" : 34.0,
    "maxResTime" : 53.0,
    "pct1ResTime" : 43.7,
    "pct2ResTime" : 48.599999999999994,
    "pct3ResTime" : 53.0,
    "throughput" : 0.5173573387138497,
    "receivedKBytesPerSec" : 0.15692498965285323,
    "sentKBytesPerSec" : 0.07285442211185265
  },
  "Get Users" : {
    "transaction" : "Get Users",
    "sampleCount" : 30,
    "errorCount" : 0,
    "errorPct" : 0.0,
    "meanResTime" : 165.43333333333337,
    "medianResTime" : 160.0,
    "minResTime" : 142.0,
    "maxResTime" : 213.0,
    "pct1ResTime" : 195.10000000000002,
    "pct2ResTime" : 206.39999999999998,
    "pct3ResTime" : 213.0,
    "throughput" : 0.5158450401499389,
    "receivedKBytesPerSec" : 0.39494385886479705,
    "sentKBytesPerSec" : 0.07153319892704232
  }
}